DistPartNo,ManPartNo,Quantity
3M5067-ND,200-6311-9UN-1900,1
160-1169-1-ND,LTST-C150GKT,5
296-17705-1-ND,TS5A4594DBVR,3
296-25596-1-ND,SN74AUP3G17DCUR,3
311-13.0KLRCT-ND,RC0402FR-0713KL,1
399-7893-1-ND,C0603C302K5GACTU,3
445-1235-1-ND,C1005C0G1H100D,5
445-1311-1-ND,C1608X7R1H103K,10
445-4991-1-ND,C1005X5R1A105M,2
445-6165-1-ND,HF30ACC321611-T,1
445-6857-1-ND,C2012X7R1A106K,9
450-1364-ND,ADE0404,1
478-1232-1-ND,06035C273KAT2A,1
497-11882-1-ND,USBLC6-2SC6Y,1
535-9565-1-ND,ASE-20.000MHZ-LC-T,1
541-1327-1-ND,IHLP1212AEER1R0M11,4
587-2782-1-ND,LMK316AB7226ML-TR,6
768-1007-1-ND,FT232RL-REEL,1
1100-1134-ND,AGLN250V2-VQG100,1
1276-1005-1-ND,CL10B104KO8NNNC,21
1276-1019-1-ND,CL10B105KO8NNNC,2
A26530-40-ND,4-103328-0,1
A31726-ND,292303-1,1
BAT54-FDICT-ND,BAT54-7-F,1
CKN9565-ND,OS102011MS2QN1,3
FDC6330LCT-ND,FDC6330L,1
H2961CT-ND,UX60A-MB-5ST,1
LTC3589EUJ-2#PBF-ND,LTC3589EUJ-2#PBF,1
MICROSMD050FCT-ND,MICROSMD050F-2,1
P0.0GCT-ND,ERJ-3GEY0R00V,22
P0.0JCT-ND,ERJ-2GE0R00X,2
P1.0KGCT-ND,ERJ-3GEYJ102V,2
P1.00KLCT-ND,ERJ-2RKF1001X,1
P2.7KGCT-ND,ERJ-3GEYJ272V,1
P4.7KGCT-ND,ERJ-3GEYJ472V,6
P4.70KLCT-ND,ERJ-2RKF4701X,2
P10.0KLCT-ND,ERJ-2RKF1002X,5
P10KGCT-ND,ERJ-3GEYJ103V,9
P11.0KLCT-ND,ERJ-2RKF1102X,1
P12.0KLCT-ND,ERJ-2RKF1202X,1
P20.0KLCT-ND,ERJ-2RKF2002X,1
P22GCT-ND,ERJ-3GEYJ220V,2
P47GCT-ND,ERJ-3GEYJ470V,28
P47KGCT-ND,ERJ-3GEYJ103V,1
P51.0KLCT-ND,ERJ-2RKF5102X,1
P68.0KLCT-ND,ERJ-2RKF6802X,6
P75.0KLCT-ND,ERJ-2RKF7502X,1
P220KGCT-ND,ERJ-3GEYJ224V,1
P470GCT-ND,ERJ-3GEYJ471V,5
P8008S-ND,EVQ-PAE04M,4
RMCF0402FT24K0CT-ND,RMCF0402FT24K0,1
SI3477DV-T1-GE3CT-ND,SI3477DV-T1-GE3,1
